uf;segundos_depois;frequencia
PI;-1;9023
PI;0;1
PI;1;6
PI;2;5
PI;3;6
PI;4;10
PI;5;2
PI;6;1
PI;7;4
PI;8;6
PI;9;4
PI;10;6
PI;11;3
PI;12;2
PI;13;3
PI;14;2
PI;15;5
PI;16;4
PI;17;9
PI;18;12
PI;19;26
PI;20;48
PI;21;125
PI;22;244
PI;23;468
PI;24;880
PI;25;1623
PI;26;2712
PI;27;3988
PI;28;5799
PI;29;8094
PI;30;10174
PI;31;12804
PI;32;15302
PI;33;17689
PI;34;19862
PI;35;21777
PI;36;23357
PI;37;25068
PI;38;26552
PI;39;26809
PI;40;27567
PI;41;28097
PI;42;28428
PI;43;28980
PI;44;28605
PI;45;28443
PI;46;28397
PI;47;27759
PI;48;27718
PI;49;27394
PI;50;26679
PI;51;26183
PI;52;25804
PI;53;24911
PI;54;24882
PI;55;24268
PI;56;23754
PI;57;22730
PI;58;22545
PI;59;21707
PI;60;20989
PI;61;20417
PI;62;20111
PI;63;19559
PI;64;18925
PI;65;18433
PI;66;17786
PI;67;17680
PI;68;17245
PI;69;16681
PI;70;16181
PI;71;15819
PI;72;15297
PI;73;15286
PI;74;14793
PI;75;14619
PI;76;14325
PI;77;13829
PI;78;13568
PI;79;13093
PI;80;13085
PI;81;12933
PI;82;12476
PI;83;12323
PI;84;11856
PI;85;11859
PI;86;11513
PI;87;11290
PI;88;11158
PI;89;10812
PI;90;10414
PI;91;10441
PI;92;10102
PI;93;10025
PI;94;10005
PI;95;9764
PI;96;9503
PI;97;9443
PI;98;9148
PI;99;8918
PI;100;8794
PI;101;8902
PI;102;8610
PI;103;8345
PI;104;8096
PI;105;8057
PI;106;8034
PI;107;7693
PI;108;7726
PI;109;7412
PI;110;7352
PI;111;7218
PI;112;7122
PI;113;6895
PI;114;7009
PI;115;6636
PI;116;6661
PI;117;6352
PI;118;6347
PI;119;6195
PI;120;6072
PI;121;6117
PI;122;6104
PI;123;5707
PI;124;5609
PI;125;5570
PI;126;5501
PI;127;5225
PI;128;5331
PI;129;5270
PI;130;5020
PI;131;5106
PI;132;4937
PI;133;4906
PI;134;4821
PI;135;4682
PI;136;4623
PI;137;4650
PI;138;4480
PI;139;4450
PI;140;4354
PI;141;4229
PI;142;4297
PI;143;4125
PI;144;4161
PI;145;4067
PI;146;3952
PI;147;3927
PI;148;3952
PI;149;3903
PI;150;3796
PI;151;3707
PI;152;3549
PI;153;3550
PI;154;3514
PI;155;3321
PI;156;3317
PI;157;3335
PI;158;3161
PI;159;3301
PI;160;3280
PI;161;3214
PI;162;3146
PI;163;3192
PI;164;3011
PI;165;2997
PI;166;2963
PI;167;2919
PI;168;2921
PI;169;2871
PI;170;2842
PI;171;2719
PI;172;2696
PI;173;2736
PI;174;2781
PI;175;2609
PI;176;2656
PI;177;2620
PI;178;2682
PI;179;2577
PI;180;2554
PI;181;2466
PI;182;2487
PI;183;2352
PI;184;2435
PI;185;2352
PI;186;2344
PI;187;2331
PI;188;2323
PI;189;2378
PI;190;2161
PI;191;2164
PI;192;2232
PI;193;2209
PI;194;2101
PI;195;2127
PI;196;2073
PI;197;2097
PI;198;2075
PI;199;2053
PI;200;2074
PI;201;2036
PI;202;1952
PI;203;1964
PI;204;1952
PI;205;1994
PI;206;1960
PI;207;1878
PI;208;1925
PI;209;1844
PI;210;1884
PI;211;1825
PI;212;1822
PI;213;1812
PI;214;1856
PI;215;1727
PI;216;1743
PI;217;1750
PI;218;1785
PI;219;1780
PI;220;1728
PI;221;1747
PI;222;1692
PI;223;1681
PI;224;1716
PI;225;1692
PI;226;1649
PI;227;1703
PI;228;1602
PI;229;1583
PI;230;1521
PI;231;1575
PI;232;1566
PI;233;1662
PI;234;1531
PI;235;1550
PI;236;1582
PI;237;1477
PI;238;1468
PI;239;1461
PI;240;1473
PI;241;1483
PI;242;1501
PI;243;1482
PI;244;1480
PI;245;1441
PI;246;1335
PI;247;1367
PI;248;1402
PI;249;1415
PI;250;1401
PI;251;1341
PI;252;1460
PI;253;1346
PI;254;1387
PI;255;1366
PI;256;1330
PI;257;1330
PI;258;1280
PI;259;1210
PI;260;1276
PI;261;1254
PI;262;1250
PI;263;1226
PI;264;1241
PI;265;1230
PI;266;1251
PI;267;1237
PI;268;1212
PI;269;1214
PI;270;1176
PI;271;1236
PI;272;1172
PI;273;1170
PI;274;1197
PI;275;1164
PI;276;1126
PI;277;1064
PI;278;1121
PI;279;1138
PI;280;1174
PI;281;1109
PI;282;1150
PI;283;1109
PI;284;1069
PI;285;1105
PI;286;1091
PI;287;1093
PI;288;1087
PI;289;1058
PI;290;1100
PI;291;1043
PI;292;1080
PI;293;1026
PI;294;1069
PI;295;1010
PI;296;1032
PI;297;1018
PI;298;1029
PI;299;1018
PI;300;1035
PI;301;1029
PI;302;968
PI;303;1004
PI;304;1005
PI;305;975
PI;306;1003
PI;307;984
PI;308;984
PI;309;1044
PI;310;942
PI;311;935
PI;312;958
PI;313;921
PI;314;969
PI;315;898
PI;316;934
PI;317;924
PI;318;946
PI;319;857
PI;320;909
PI;321;917
PI;322;882
PI;323;912
PI;324;828
PI;325;889
PI;326;854
PI;327;922
PI;328;822
PI;329;822
PI;330;840
PI;331;804
PI;332;870
PI;333;827
PI;334;780
PI;335;784
PI;336;801
PI;337;780
PI;338;789
PI;339;818
PI;340;843
PI;341;829
PI;342;795
PI;343;816
PI;344;719
PI;345;758
PI;346;775
PI;347;803
PI;348;760
PI;349;760
PI;350;787
PI;351;746
PI;352;749
PI;353;746
PI;354;763
PI;355;723
PI;356;715
PI;357;721
PI;358;716
PI;359;714
PI;360;722
PI;361;727
PI;362;753
PI;363;674
PI;364;746
PI;365;702
PI;366;753
PI;367;701
PI;368;731
PI;369;641
PI;370;716
PI;371;673
PI;372;614
PI;373;657
PI;374;622
PI;375;696
PI;376;650
PI;377;601
PI;378;654
PI;379;623
PI;380;636
PI;381;670
PI;382;616
PI;383;667
PI;384;648
PI;385;587
PI;386;625
PI;387;584
PI;388;630
PI;389;611
PI;390;627
PI;391;616
PI;392;643
PI;393;596
PI;394;593
PI;395;595
PI;396;598
PI;397;569
PI;398;600
PI;399;587
PI;400;612
PI;401;531
PI;402;574
PI;403;540
PI;404;569
PI;405;529
PI;406;544
PI;407;541
PI;408;568
PI;409;541
PI;410;559
PI;411;561
PI;412;567
PI;413;557
PI;414;472
PI;415;536
PI;416;549
PI;417;484
PI;418;540
PI;419;522
PI;420;529
PI;421;504
PI;422;515
PI;423;515
PI;424;510
PI;425;490
PI;426;492
PI;427;507
PI;428;441
PI;429;482
PI;430;513
PI;431;519
PI;432;517
PI;433;511
PI;434;494
PI;435;464
PI;436;510
PI;437;466
PI;438;474
PI;439;462
PI;440;462
PI;441;480
PI;442;429
PI;443;523
PI;444;481
PI;445;445
PI;446;484
PI;447;475
PI;448;467
PI;449;450
PI;450;448
PI;451;435
PI;452;439
PI;453;451
PI;454;457
PI;455;437
PI;456;403
PI;457;407
PI;458;459
PI;459;399
PI;460;467
PI;461;411
PI;462;407
PI;463;383
PI;464;402
PI;465;427
PI;466;413
PI;467;426
PI;468;411
PI;469;414
PI;470;385
PI;471;422
PI;472;395
PI;473;472
PI;474;389
PI;475;385
PI;476;409
PI;477;410
PI;478;412
PI;479;369
PI;480;380
PI;481;403
PI;482;387
PI;483;365
PI;484;381
PI;485;369
PI;486;357
PI;487;341
PI;488;392
PI;489;357
PI;490;400
PI;491;362
PI;492;343
PI;493;372
PI;494;381
PI;495;367
PI;496;382
PI;497;355
PI;498;339
PI;499;344
PI;500;344
PI;501;322
PI;502;342
PI;503;324
PI;504;327
PI;505;341
PI;506;305
PI;507;342
PI;508;321
PI;509;314
PI;510;316
PI;511;338
PI;512;290
PI;513;303
PI;514;312
PI;515;345
PI;516;296
PI;517;326
PI;518;341
PI;519;309
PI;520;324
PI;521;326
PI;522;332
PI;523;343
PI;524;297
PI;525;303
PI;526;303
PI;527;314
PI;528;306
PI;529;330
PI;530;290
PI;531;268
PI;532;317
PI;533;300
PI;534;277
PI;535;280
PI;536;311
PI;537;301
PI;538;277
PI;539;268
PI;540;298
PI;541;243
PI;542;273
PI;543;290
PI;544;279
PI;545;275
PI;546;287
PI;547;259
PI;548;301
PI;549;255
PI;550;271
PI;551;294
PI;552;285
PI;553;249
PI;554;262
PI;555;267
PI;556;272
PI;557;305
PI;558;261
PI;559;265
PI;560;247
PI;561;255
PI;562;240
PI;563;251
PI;564;249
PI;565;289
PI;566;250
PI;567;240
PI;568;248
PI;569;259
PI;570;251
PI;571;266
PI;572;254
PI;573;249
PI;574;239
PI;575;255
PI;576;228
PI;577;240
PI;578;242
PI;579;231
PI;580;238
PI;581;242
PI;582;234
PI;583;240
PI;584;249
PI;585;243
PI;586;210
PI;587;222
PI;588;247
PI;589;224
PI;590;242
PI;591;235
PI;592;220
PI;593;222
PI;594;247
PI;595;212
PI;596;232
PI;597;217
PI;598;212
PI;599;224
PI;600;202
PI;601;230
PI;602;213
PI;603;196
PI;604;212
PI;605;204
PI;606;223
PI;607;185
PI;608;254
PI;609;212
PI;610;203
PI;611;211
PI;612;205
PI;613;208
PI;614;197
PI;615;188
PI;616;203
PI;617;200
PI;618;189
PI;619;201
PI;620;201
PI;621;211
PI;622;191
PI;623;199
PI;624;204
PI;625;207
PI;626;184
PI;627;190
PI;628;206
PI;629;195
PI;630;175
PI;631;177
PI;632;207
PI;633;164
PI;634;183
PI;635;164
PI;636;185
PI;637;192
PI;638;210
PI;639;219
PI;640;185
PI;641;203
PI;642;184
PI;643;165
PI;644;181
PI;645;164
PI;646;155
PI;647;168
PI;648;162
PI;649;159
PI;650;195
PI;651;172
PI;652;198
PI;653;162
PI;654;176
PI;655;170
PI;656;153
PI;657;164
PI;658;181
PI;659;175
PI;660;143
PI;661;144
PI;662;169
PI;663;179
PI;664;167
PI;665;167
PI;666;142
PI;667;168
PI;668;150
PI;669;151
PI;670;161
PI;671;161
PI;672;159
PI;673;170
PI;674;145
PI;675;147
PI;676;156
PI;677;160
PI;678;156
PI;679;162
PI;680;151
PI;681;157
PI;682;141
PI;683;152
PI;684;153
PI;685;145
PI;686;136
PI;687;147
PI;688;142
PI;689;147
PI;690;157
PI;691;135
PI;692;137
PI;693;135
PI;694;164
PI;695;148
PI;696;149
PI;697;147
PI;698;143
PI;699;141
PI;700;143
PI;701;151
PI;702;142
PI;703;157
PI;704;126
PI;705;145
PI;706;109
PI;707;127
PI;708;130
PI;709;118
PI;710;142
PI;711;113
PI;712;129
PI;713;130
PI;714;132
PI;715;124
PI;716;138
PI;717;112
PI;718;113
PI;719;123
PI;720;131
PI;721;106
PI;722;140
PI;723;130
PI;724;112
PI;725;103
PI;726;117
PI;727;126
PI;728;115
PI;729;130
PI;730;122
PI;731;116
PI;732;145
PI;733;111
PI;734;129
PI;735;95
PI;736;108
PI;737;106
PI;738;114
PI;739;133
PI;740;123
PI;741;126
PI;742;127
PI;743;105
PI;744;127
PI;745;111
PI;746;100
PI;747;115
PI;748;117
PI;749;106
PI;750;116
PI;751;116
PI;752;105
PI;753;110
PI;754;91
PI;755;116
PI;756;125
PI;757;100
PI;758;97
PI;759;113
PI;760;88
PI;761;116
PI;762;95
PI;763;89
PI;764;101
PI;765;110
PI;766;122
PI;767;109
PI;768;98
PI;769;107
PI;770;91
PI;771;102
PI;772;89
PI;773;89
PI;774;104
PI;775;118
PI;776;90
PI;777;109
PI;778;117
PI;779;96
PI;780;94
PI;781;96
PI;782;128
PI;783;79
PI;784;89
PI;785;102
PI;786;96
PI;787;103
PI;788;96
PI;789;85
PI;790;103
PI;791;102
PI;792;89
PI;793;79
PI;794;94
PI;795;83
PI;796;91
PI;797;94
PI;798;87
PI;799;72
PI;800;103
PI;801;115
PI;802;82
PI;803;95
PI;804;93
PI;805;80
PI;806;106
PI;807;85
PI;808;85
PI;809;87
PI;810;87
PI;811;78
PI;812;90
PI;813;94
PI;814;91
PI;815;88
PI;816;94
PI;817;77
PI;818;99
PI;819;77
PI;820;82
PI;821;88
PI;822;75
PI;823;83
PI;824;82
PI;825;66
PI;826;78
PI;827;75
PI;828;73
PI;829;86
PI;830;68
PI;831;78
PI;832;67
PI;833;70
PI;834;77
PI;835;73
PI;836;87
PI;837;72
PI;838;69
PI;839;75
PI;840;74
PI;841;73
PI;842;81
PI;843;92
PI;844;78
PI;845;71
PI;846;87
PI;847;79
PI;848;78
PI;849;72
PI;850;80
PI;851;69
PI;852;68
PI;853;54
PI;854;65
PI;855;69
PI;856;63
PI;857;66
PI;858;69
PI;859;80
PI;860;78
PI;861;69
PI;862;75
PI;863;63
PI;864;59
PI;865;82
PI;866;84
PI;867;72
PI;868;73
PI;869;64
PI;870;76
PI;871;55
PI;872;73
PI;873;71
PI;874;59
PI;875;67
PI;876;88
PI;877;63
PI;878;63
PI;879;68
PI;880;63
PI;881;53
PI;882;70
PI;883;67
PI;884;77
PI;885;75
PI;886;65
PI;887;62
PI;888;41
PI;889;67
PI;890;62
PI;891;66
PI;892;62
PI;893;63
PI;894;65
PI;895;67
PI;896;60
PI;897;63
PI;898;61
PI;899;60
PI;900;50
PI;901;56
PI;902;61
PI;903;64
PI;904;77
PI;905;80
PI;906;70
PI;907;59
PI;908;54
PI;909;69
PI;910;53
PI;911;62
PI;912;59
PI;913;56
PI;914;51
PI;915;60
PI;916;48
PI;917;44
PI;918;45
PI;919;62
PI;920;44
PI;921;58
PI;922;51
PI;923;51
PI;924;52
PI;925;46
PI;926;58
PI;927;50
PI;928;53
PI;929;55
PI;930;51
PI;931;45
PI;932;52
PI;933;56
PI;934;49
PI;935;62
PI;936;65
PI;937;66
PI;938;53
PI;939;46
PI;940;59
PI;941;55
PI;942;51
PI;943;62
PI;944;50
PI;945;51
PI;946;54
PI;947;51
PI;948;34
PI;949;48
PI;950;61
PI;951;58
PI;952;59
PI;953;52
PI;954;39
PI;955;34
PI;956;31
PI;957;58
PI;958;57
PI;959;55
PI;960;42
PI;961;63
PI;962;50
PI;963;42
PI;964;50
PI;965;43
PI;966;30
PI;967;53
PI;968;49
PI;969;48
PI;970;46
PI;971;56
PI;972;57
PI;973;40
PI;974;34
PI;975;53
PI;976;53
PI;977;31
PI;978;48
PI;979;43
PI;980;38
PI;981;49
PI;982;32
PI;983;42
PI;984;41
PI;985;37
PI;986;43
PI;987;44
PI;988;46
PI;989;32
PI;990;42
PI;991;43
PI;992;46
PI;993;41
PI;994;53
PI;995;42
PI;996;32
PI;997;35
PI;998;54
PI;999;43
PI;1000;43
PI;1001;45
PI;1002;34
PI;1003;35
PI;1004;32
PI;1005;29
PI;1006;34
PI;1007;23
PI;1008;40
PI;1009;37
PI;1010;44
PI;1011;44
PI;1012;34
PI;1013;35
PI;1014;41
PI;1015;49
PI;1016;58
PI;1017;36
PI;1018;39
PI;1019;46
PI;1020;39
PI;1021;38
PI;1022;38
PI;1023;32
PI;1024;47
PI;1025;45
PI;1026;36
PI;1027;40
PI;1028;36
PI;1029;35
PI;1030;30
PI;1031;32
PI;1032;33
PI;1033;40
PI;1034;34
PI;1035;41
PI;1036;39
PI;1037;42
PI;1038;32
PI;1039;35
PI;1040;35
PI;1041;29
PI;1042;38
PI;1043;40
PI;1044;31
PI;1045;21
PI;1046;27
PI;1047;31
PI;1048;35
PI;1049;31
PI;1050;34
PI;1051;30
PI;1052;29
PI;1053;32
PI;1054;33
PI;1055;27
PI;1056;37
PI;1057;32
PI;1058;29
PI;1059;26
PI;1060;30
PI;1061;42
PI;1062;35
PI;1063;44
PI;1064;30
PI;1065;32
PI;1066;33
PI;1067;41
PI;1068;27
PI;1069;30
PI;1070;27
PI;1071;37
PI;1072;23
PI;1073;29
PI;1074;28
PI;1075;29
PI;1076;28
PI;1077;40
PI;1078;26
PI;1079;29
PI;1080;33
PI;1081;37
PI;1082;24
PI;1083;41
PI;1084;33
PI;1085;32
PI;1086;25
PI;1087;33
PI;1088;25
PI;1089;36
PI;1090;35
PI;1091;31
PI;1092;34
PI;1093;33
PI;1094;32
PI;1095;34
PI;1096;35
PI;1097;23
PI;1098;29
PI;1099;38
PI;1100;22
PI;1101;20
PI;1102;22
PI;1103;23
PI;1104;31
PI;1105;37
PI;1106;19
PI;1107;22
PI;1108;23
PI;1109;25
PI;1110;25
PI;1111;26
PI;1112;22
PI;1113;26
PI;1114;27
PI;1115;23
PI;1116;24
PI;1117;24
PI;1118;29
PI;1119;16
PI;1120;28
PI;1121;32
PI;1122;23
PI;1123;21
PI;1124;27
PI;1125;20
PI;1126;19
PI;1127;36
PI;1128;26
PI;1129;24
PI;1130;33
PI;1131;20
PI;1132;21
PI;1133;20
PI;1134;31
PI;1135;22
PI;1136;20
PI;1137;23
PI;1138;29
PI;1139;28
PI;1140;22
PI;1141;22
PI;1142;30
PI;1143;22
PI;1144;18
PI;1145;25
PI;1146;21
PI;1147;27
PI;1148;20
PI;1149;24
PI;1150;25
PI;1151;26
PI;1152;15
PI;1153;25
PI;1154;26
PI;1155;28
PI;1156;18
PI;1157;16
PI;1158;26
PI;1159;25
PI;1160;28
PI;1161;25
PI;1162;25
PI;1163;28
PI;1164;27
PI;1165;20
PI;1166;11
PI;1167;25
PI;1168;24
PI;1169;22
PI;1170;17
PI;1171;22
PI;1172;21
PI;1173;24
PI;1174;17
PI;1175;9
PI;1176;17
PI;1177;22
PI;1178;22
PI;1179;18
PI;1180;24
PI;1181;16
PI;1182;14
PI;1183;19
PI;1184;33
PI;1185;16
PI;1186;23
PI;1187;21
PI;1188;20
PI;1189;21
PI;1190;20
PI;1191;24
PI;1192;19
PI;1193;16
PI;1194;16
PI;1195;23
PI;1196;22
PI;1197;21
PI;1198;15
PI;1199;22
PI;1200;14
PI;1201;17
PI;1202;22
PI;1203;18
PI;1204;27
PI;1205;18
PI;1206;21
PI;1207;8
PI;1208;13
PI;1209;19
PI;1210;16
PI;1211;29
PI;1212;12
PI;1213;20
PI;1214;20
PI;1215;19
PI;1216;23
PI;1217;24
PI;1218;14
PI;1219;16
PI;1220;25
PI;1221;16
PI;1222;15
PI;1223;16
PI;1224;13
PI;1225;18
PI;1226;16
PI;1227;23
PI;1228;16
PI;1229;14
PI;1230;16
PI;1231;21
PI;1232;14
PI;1233;16
PI;1234;18
PI;1235;25
PI;1236;17
PI;1237;17
PI;1238;21
PI;1239;17
PI;1240;19
PI;1241;17
PI;1242;13
PI;1243;8
PI;1244;15
PI;1245;21
PI;1246;9
PI;1247;16
PI;1248;12
PI;1249;13
PI;1250;11
PI;1251;13
PI;1252;16
PI;1253;15
PI;1254;18
PI;1255;17
PI;1256;10
PI;1257;25
PI;1258;16
PI;1259;23
PI;1260;18
PI;1261;13
PI;1262;14
PI;1263;24
PI;1264;14
PI;1265;13
PI;1266;13
PI;1267;19
PI;1268;21
PI;1269;18
PI;1270;12
PI;1271;21
PI;1272;21
PI;1273;19
PI;1274;16
PI;1275;13
PI;1276;14
PI;1277;18
PI;1278;16
PI;1279;15
PI;1280;17
PI;1281;17
PI;1282;13
PI;1283;17
PI;1284;16
PI;1285;18
PI;1286;12
PI;1287;21
PI;1288;15
PI;1289;16
PI;1290;13
PI;1291;10
PI;1292;16
PI;1293;12
PI;1294;9
PI;1295;20
PI;1296;20
PI;1297;10
PI;1298;8
PI;1299;15
PI;1300;12
PI;1301;17
PI;1302;15
PI;1303;13
PI;1304;13
PI;1305;13
PI;1306;19
PI;1307;14
PI;1308;10
PI;1309;10
PI;1310;20
PI;1311;7
PI;1312;8
PI;1313;11
PI;1314;8
PI;1315;12
PI;1316;12
PI;1317;10
PI;1318;13
PI;1319;7
PI;1320;14
PI;1321;16
PI;1322;15
PI;1323;10
PI;1324;11
PI;1325;19
PI;1326;6
PI;1327;15
PI;1328;15
PI;1329;9
PI;1330;14
PI;1331;14
PI;1332;12
PI;1333;17
PI;1334;12
PI;1335;24
PI;1336;19
PI;1337;6
PI;1338;13
PI;1339;17
PI;1340;13
PI;1341;16
PI;1342;12
PI;1343;18
PI;1344;17
PI;1345;12
PI;1346;15
PI;1347;8
PI;1348;10
PI;1349;13
PI;1350;18
PI;1351;10
PI;1352;16
PI;1353;17
PI;1354;10
PI;1355;10
PI;1356;16
PI;1357;11
PI;1358;14
PI;1359;8
PI;1360;14
PI;1361;19
PI;1362;11
PI;1363;12
PI;1364;14
PI;1365;8
PI;1366;14
PI;1367;10
PI;1368;9
PI;1369;11
PI;1370;16
PI;1371;13
PI;1372;8
PI;1373;13
PI;1374;14
PI;1375;10
PI;1376;18
PI;1377;16
PI;1378;14
PI;1379;14
PI;1380;10
PI;1381;9
PI;1382;13
PI;1383;8
PI;1384;9
PI;1385;5
PI;1386;14
PI;1387;13
PI;1388;9
PI;1389;13
PI;1390;11
PI;1391;16
PI;1392;15
PI;1393;16
PI;1394;17
PI;1395;11
PI;1396;9
PI;1397;9
PI;1398;13
PI;1399;10
PI;1400;8
PI;1401;9
PI;1402;12
PI;1403;11
PI;1404;8
PI;1405;15
PI;1406;16
PI;1407;11
PI;1408;8
PI;1409;8
PI;1410;12
PI;1411;6
PI;1412;15
PI;1413;5
PI;1414;12
PI;1415;9
PI;1416;4
PI;1417;16
PI;1418;18
PI;1419;8
PI;1420;12
PI;1421;14
PI;1422;5
PI;1423;14
PI;1424;13
PI;1425;15
PI;1426;10
PI;1427;11
PI;1428;11
PI;1429;11
PI;1430;9
PI;1431;6
PI;1432;11
PI;1433;12
PI;1434;15
PI;1435;8
PI;1436;7
PI;1437;13
PI;1438;8
PI;1439;6
PI;1440;14
PI;1441;12
PI;1442;9
PI;1443;6
PI;1444;9
PI;1445;8
PI;1446;6
PI;1447;10
PI;1448;7
PI;1449;7
PI;1450;8
PI;1451;10
PI;1452;12
PI;1453;16
PI;1454;9
PI;1455;14
PI;1456;9
PI;1457;6
PI;1458;7
PI;1459;7
PI;1460;11
PI;1461;8
PI;1462;15
PI;1463;13
PI;1464;10
PI;1465;12
PI;1466;6
PI;1467;7
PI;1468;4
PI;1469;8
PI;1470;8
PI;1471;7
PI;1472;5
PI;1473;9
PI;1474;6
PI;1475;7
PI;1476;15
PI;1477;6
PI;1478;10
PI;1479;8
PI;1480;7
PI;1481;10
PI;1482;10
PI;1483;9
PI;1484;7
PI;1485;12
PI;1486;4
PI;1487;10
PI;1488;3
PI;1489;6
PI;1490;7
PI;1491;4
PI;1492;9
PI;1493;9
PI;1494;6
PI;1495;10
PI;1496;10
PI;1497;8
PI;1498;5
PI;1499;7
PI;1500;6
PI;1501;6
PI;1502;7
PI;1503;13
PI;1504;6
PI;1505;1
PI;1506;10
PI;1507;8
PI;1508;6
PI;1509;10
PI;1510;9
PI;1511;4
PI;1512;6
PI;1513;11
PI;1514;9
PI;1515;4
PI;1516;2
PI;1517;16
PI;1518;8
PI;1519;8
PI;1520;5
PI;1521;7
PI;1522;6
PI;1523;7
PI;1524;8
PI;1525;6
PI;1526;8
PI;1527;6
PI;1528;3
PI;1529;11
PI;1530;8
PI;1531;3
PI;1532;4
PI;1533;6
PI;1534;9
PI;1535;9
PI;1536;7
PI;1537;9
PI;1538;11
PI;1539;8
PI;1540;5
PI;1541;5
PI;1542;7
PI;1543;10
PI;1544;8
PI;1545;8
PI;1546;4
PI;1547;10
PI;1548;8
PI;1549;2
PI;1550;8
PI;1551;5
PI;1552;8
PI;1553;6
PI;1554;5
PI;1555;9
PI;1556;7
PI;1557;7
PI;1558;6
PI;1559;5
PI;1560;10
PI;1561;5
PI;1562;4
PI;1563;7
PI;1564;9
PI;1565;4
PI;1566;7
PI;1567;1
PI;1568;11
PI;1569;6
PI;1570;4
PI;1571;6
PI;1572;5
PI;1573;5
PI;1574;9
PI;1575;6
PI;1576;8
PI;1577;8
PI;1578;7
PI;1579;6
PI;1580;5
PI;1581;11
PI;1582;3
PI;1583;11
PI;1584;10
PI;1585;5
PI;1586;8
PI;1587;10
PI;1588;5
PI;1589;11
PI;1590;7
PI;1591;3
PI;1592;6
PI;1593;4
PI;1594;6
PI;1595;4
PI;1596;6
PI;1597;10
PI;1598;9
PI;1599;4
PI;1600;4
PI;1601;5
PI;1602;5
PI;1603;9
PI;1604;9
PI;1605;6
PI;1606;7
PI;1607;2
PI;1608;9
PI;1609;3
PI;1610;9
PI;1611;6
PI;1612;4
PI;1613;5
PI;1614;4
PI;1615;6
PI;1616;5
PI;1617;6
PI;1618;8
PI;1619;5
PI;1620;8
PI;1621;6
PI;1622;5
PI;1623;9
PI;1624;4
PI;1625;3
PI;1626;9
PI;1627;9
PI;1628;3
PI;1629;11
PI;1630;5
PI;1631;5
PI;1632;6
PI;1633;6
PI;1634;2
PI;1635;6
PI;1636;2
PI;1637;9
PI;1638;9
PI;1639;6
PI;1640;4
PI;1641;3
PI;1642;2
PI;1643;3
PI;1644;7
PI;1645;4
PI;1646;4
PI;1647;7
PI;1648;6
PI;1649;6
PI;1650;6
PI;1651;2
PI;1652;4
PI;1653;7
PI;1654;7
PI;1655;2
PI;1656;7
PI;1657;7
PI;1658;6
PI;1659;5
PI;1660;5
PI;1661;6
PI;1662;7
PI;1663;4
PI;1664;3
PI;1665;3
PI;1666;4
PI;1667;3
PI;1668;8
PI;1669;3
PI;1670;7
PI;1671;7
PI;1672;2
PI;1673;2
PI;1674;5
PI;1675;10
PI;1676;2
PI;1677;3
PI;1678;4
PI;1679;3
PI;1680;2
PI;1681;6
PI;1682;5
PI;1683;3
PI;1684;5
PI;1685;4
PI;1686;5
PI;1687;5
PI;1688;2
PI;1689;1
PI;1690;4
PI;1691;1
PI;1692;3
PI;1693;3
PI;1694;9
PI;1695;4
PI;1696;6
PI;1697;4
PI;1698;2
PI;1699;7
PI;1700;5
PI;1701;7
PI;1703;2
PI;1704;10
PI;1705;7
PI;1706;7
PI;1707;1
PI;1708;6
PI;1709;5
PI;1710;5
PI;1711;3
PI;1712;4
PI;1713;1
PI;1714;5
PI;1715;1
PI;1716;4
PI;1717;5
PI;1718;3
PI;1719;6
PI;1720;1
PI;1721;4
PI;1722;2
PI;1723;11
PI;1724;6
PI;1725;5
PI;1726;4
PI;1727;3
PI;1728;5
PI;1729;6
PI;1730;8
PI;1731;5
PI;1732;7
PI;1733;4
PI;1734;5
PI;1735;2
PI;1736;2
PI;1737;3
PI;1738;8
PI;1739;4
PI;1740;2
PI;1741;2
PI;1742;2
PI;1743;7
PI;1744;1
PI;1745;6
PI;1746;1
PI;1747;7
PI;1748;3
PI;1750;6
PI;1751;3
PI;1753;4
PI;1754;2
PI;1756;5
PI;1757;3
PI;1758;1
PI;1759;2
PI;1760;4
PI;1761;7
PI;1762;1
PI;1763;1
PI;1764;5
PI;1765;3
PI;1767;4
PI;1768;5
PI;1769;1
PI;1770;5
PI;1771;5
PI;1773;5
PI;1774;6
PI;1775;7
PI;1776;2
PI;1777;1
PI;1778;7
PI;1779;6
PI;1780;7
PI;1781;3
PI;1782;3
PI;1783;4
PI;1784;5
PI;1785;3
PI;1786;4
PI;1787;3
PI;1788;3
PI;1789;5
PI;1790;3
PI;1791;2
PI;1792;4
PI;1793;2
PI;1794;3
PI;1795;4
PI;1796;1
PI;1797;1
PI;1798;5
PI;1799;3
PI;1800;2
PI;1801;1
PI;1802;2
PI;1803;8
PI;1804;5
PI;1805;5
PI;1806;2
PI;1807;2
PI;1808;3
PI;1809;3
PI;1811;7
PI;1812;5
PI;1813;2
PI;1814;2
PI;1815;3
PI;1816;2
PI;1817;5
PI;1818;3
PI;1819;2
PI;1820;6
PI;1821;1
PI;1822;4
PI;1823;1
PI;1824;2
PI;1826;4
PI;1827;2
PI;1828;1
PI;1829;5
PI;1830;5
PI;1831;4
PI;1832;3
PI;1833;2
PI;1834;1
PI;1835;3
PI;1836;4
PI;1837;9
PI;1838;5
PI;1839;3
PI;1841;2
PI;1842;2
PI;1843;4
PI;1844;3
PI;1845;2
PI;1846;5
PI;1850;2
PI;1851;3
PI;1852;5
PI;1853;1
PI;1854;2
PI;1855;5
PI;1856;3
PI;1857;2
PI;1858;7
PI;1859;7
PI;1860;5
PI;1861;2
PI;1862;3
PI;1863;6
PI;1864;6
PI;1865;6
PI;1866;2
PI;1867;2
PI;1868;1
PI;1869;1
PI;1870;6
PI;1871;3
PI;1872;4
PI;1873;2
PI;1874;3
PI;1875;7
PI;1876;2
PI;1877;2
PI;1878;4
PI;1880;4
PI;1881;3
PI;1882;5
PI;1883;2
PI;1884;4
PI;1885;1
PI;1886;2
PI;1887;3
PI;1888;3
PI;1889;2
PI;1891;2
PI;1892;5
PI;1894;4
PI;1895;1
PI;1897;1
PI;1898;4
PI;1899;2
PI;1900;3
PI;1901;3
PI;1903;3
PI;1904;4
PI;1905;3
PI;1906;5
PI;1907;3
PI;1908;2
PI;1909;4
PI;1910;1
PI;1911;2
PI;1912;1
PI;1913;3
PI;1914;6
PI;1915;2
PI;1916;1
PI;1917;3
PI;1918;1
PI;1919;1
PI;1920;4
PI;1921;6
PI;1922;3
PI;1923;2
PI;1924;4
PI;1925;1
PI;1926;1
PI;1927;7
PI;1928;2
PI;1929;4
PI;1930;3
PI;1931;2
PI;1932;3
PI;1933;1
PI;1934;2
PI;1935;1
PI;1936;6
PI;1937;1
PI;1938;3
PI;1939;3
PI;1940;1
PI;1941;2
PI;1942;4
PI;1943;2
PI;1944;7
PI;1945;1
PI;1946;3
PI;1947;6
PI;1948;1
PI;1950;6
PI;1951;5
PI;1952;3
PI;1953;3
PI;1954;3
PI;1955;3
PI;1956;3
PI;1957;2
PI;1958;3
PI;1959;3
PI;1960;3
PI;1962;1
PI;1963;3
PI;1964;3
PI;1965;1
PI;1966;2
PI;1967;4
PI;1968;2
PI;1969;1
PI;1970;1
PI;1972;5
PI;1973;5
PI;1974;2
PI;1975;2
PI;1976;1
PI;1978;1
PI;1979;2
PI;1980;3
PI;1981;2
PI;1982;2
PI;1983;1
PI;1984;4
PI;1985;1
PI;1987;1
PI;1989;2
PI;1990;2
PI;1991;2
PI;1992;2
PI;1993;3
PI;1994;3
PI;1995;3
PI;1996;4
PI;1997;3
PI;1998;2
PI;2000;1
PI;2001;1
PI;2002;2
PI;2003;3
PI;2004;2
PI;2005;5
PI;2006;4
PI;2007;1
PI;2009;3
PI;2010;3
PI;2011;4
PI;2012;4
PI;2013;2
PI;2014;4
PI;2015;1
PI;2016;2
PI;2017;1
PI;2019;3
PI;2020;2
PI;2021;2
PI;2022;3
PI;2023;2
PI;2024;2
PI;2025;2
PI;2026;1
PI;2027;1
PI;2028;2
PI;2029;2
PI;2030;2
PI;2031;1
PI;2032;1
PI;2034;2
PI;2036;1
PI;2037;4
PI;2038;4
PI;2039;1
PI;2040;3
PI;2041;5
PI;2042;4
PI;2043;1
PI;2044;2
PI;2045;3
PI;2047;3
PI;2048;2
PI;2049;2
PI;2050;4
PI;2051;2
PI;2052;3
PI;2053;2
PI;2054;2
PI;2055;2
PI;2056;1
PI;2057;3
PI;2058;1
PI;2060;1
PI;2062;2
PI;2063;1
PI;2064;3
PI;2065;1
PI;2066;5
PI;2067;2
PI;2068;3
PI;2069;1
PI;2070;2
PI;2071;3
PI;2072;2
PI;2073;2
PI;2074;3
PI;2075;2
PI;2076;1
PI;2077;1
PI;2078;1
PI;2079;4
PI;2080;3
PI;2082;2
PI;2083;3
PI;2084;2
PI;2085;1
PI;2087;4
PI;2089;3
PI;2090;2
PI;2091;2
PI;2092;2
PI;2094;1
PI;2095;5
PI;2096;1
PI;2097;1
PI;2099;3
PI;2100;2
PI;2101;4
PI;2102;1
PI;2103;3
PI;2104;2
PI;2105;2
PI;2106;1
PI;2108;2
PI;2109;1
PI;2110;6
PI;2112;4
PI;2114;2
PI;2115;1
PI;2116;1
PI;2117;2
PI;2118;1
PI;2119;2
PI;2120;1
PI;2121;2
PI;2123;1
PI;2124;4
PI;2125;3
PI;2127;4
PI;2128;4
PI;2130;1
PI;2131;1
PI;2132;1
PI;2134;1
PI;2135;1
PI;2136;2
PI;2137;2
PI;2138;2
PI;2139;2
PI;2141;1
PI;2143;3
PI;2144;2
PI;2145;1
PI;2146;1
PI;2147;1
PI;2148;1
PI;2149;1
PI;2150;2
PI;2151;2
PI;2152;4
PI;2154;2
PI;2155;1
PI;2156;1
PI;2157;2
PI;2159;1
PI;2160;2
PI;2162;1
PI;2163;2
PI;2164;4
PI;2165;3
PI;2166;1
PI;2167;1
PI;2168;3
PI;2170;3
PI;2172;4
PI;2173;3
PI;2174;2
PI;2176;2
PI;2177;1
PI;2178;4
PI;2181;2
PI;2182;1
PI;2183;4
PI;2184;1
PI;2185;3
PI;2188;2
PI;2189;1
PI;2191;4
PI;2192;2
PI;2193;2
PI;2195;1
PI;2197;1
PI;2199;2
PI;2201;1
PI;2203;3
PI;2205;2
PI;2206;1
PI;2209;1
PI;2210;2
PI;2212;2
PI;2213;2
PI;2214;2
PI;2216;1
PI;2217;1
PI;2218;1
PI;2219;2
PI;2220;1
PI;2221;2
PI;2222;1
PI;2224;4
PI;2225;3
PI;2226;1
PI;2227;1
PI;2228;2
PI;2229;1
PI;2230;2
PI;2232;3
PI;2236;1
PI;2238;2
PI;2239;1
PI;2240;2
PI;2241;1
PI;2243;1
PI;2244;2
PI;2246;2
PI;2247;2
PI;2248;1
PI;2249;1
PI;2251;1
PI;2252;1
PI;2253;1
PI;2254;1
PI;2255;1
PI;2256;1
PI;2257;3
PI;2258;1
PI;2261;2
PI;2262;2
PI;2263;2
PI;2264;1
PI;2266;2
PI;2267;1
PI;2268;3
PI;2269;2
PI;2273;1
PI;2274;2
PI;2275;1
PI;2276;3
PI;2277;2
PI;2278;1
PI;2279;2
PI;2283;2
PI;2284;1
PI;2285;1
PI;2287;4
PI;2288;1
PI;2289;4
PI;2290;1
PI;2292;1
PI;2293;1
PI;2294;3
PI;2295;1
PI;2296;1
PI;2297;1
PI;2298;2
PI;2299;3
PI;2300;1
PI;2301;2
PI;2302;4
PI;2307;1
PI;2308;1
PI;2309;2
PI;2310;1
PI;2311;1
PI;2312;1
PI;2313;2
PI;2315;1
PI;2316;1
PI;2317;2
PI;2318;1
PI;2319;1
PI;2320;1
PI;2321;3
PI;2325;1
PI;2328;1
PI;2329;3
PI;2330;1
PI;2336;1
PI;2337;2
PI;2338;1
PI;2339;2
PI;2340;1
PI;2341;1
PI;2343;1
PI;2345;2
PI;2346;1
PI;2347;2
PI;2348;1
PI;2349;1
PI;2351;1
PI;2352;1
PI;2353;1
PI;2354;1
PI;2356;1
PI;2357;2
PI;2358;2
PI;2359;3
PI;2360;3
PI;2364;1
PI;2366;1
PI;2367;1
PI;2368;2
PI;2369;1
PI;2370;1
PI;2371;1
PI;2373;1
PI;2374;2
PI;2376;1
PI;2377;2
PI;2378;1
PI;2379;1
PI;2380;1
PI;2381;1
PI;2382;1
PI;2383;2
PI;2387;1
PI;2389;2
PI;2390;2
PI;2392;2
PI;2395;2
PI;2397;3
PI;2398;2
PI;2400;2
PI;2401;1
PI;2403;1
PI;2404;1
PI;2405;2
PI;2406;2
PI;2409;1
PI;2410;3
PI;2414;1
PI;2417;1
PI;2419;1
PI;2422;2
PI;2423;1
PI;2426;1
PI;2427;1
PI;2431;1
PI;2432;1
PI;2433;2
PI;2434;3
PI;2436;2
PI;2437;4
PI;2438;1
PI;2440;1
PI;2441;1
PI;2442;4
PI;2444;1
PI;2446;2
PI;2448;1
PI;2449;1
PI;2451;2
PI;2453;2
PI;2454;2
PI;2456;1
PI;2457;2
PI;2458;3
PI;2459;1
PI;2460;1
PI;2462;1
PI;2463;2
PI;2470;1
PI;2471;1
PI;2475;2
PI;2478;3
PI;2479;1
PI;2481;1
PI;2483;2
PI;2484;2
PI;2486;4
PI;2488;2
PI;2491;1
PI;2495;1
PI;2496;1
PI;2498;2
PI;2501;1
PI;2502;1
PI;2504;1
PI;2509;1
PI;2511;1
PI;2512;2
PI;2514;1
PI;2517;1
PI;2518;1
PI;2519;1
PI;2521;1
PI;2522;1
PI;2524;2
PI;2525;1
PI;2526;2
PI;2527;2
PI;2528;1
PI;2529;1
PI;2530;2
PI;2531;1
PI;2532;3
PI;2533;1
PI;2534;1
PI;2536;2
PI;2537;2
PI;2538;1
PI;2540;1
PI;2541;1
PI;2542;2
PI;2544;1
PI;2547;2
PI;2548;1
PI;2550;1
PI;2553;2
PI;2555;1
PI;2556;1
PI;2558;1
PI;2561;1
PI;2562;2
PI;2563;1
PI;2564;1
PI;2566;2
PI;2567;1
PI;2569;2
PI;2570;1
PI;2571;1
PI;2572;1
PI;2574;1
PI;2575;1
PI;2577;3
PI;2578;2
PI;2580;2
PI;2581;1
PI;2582;1
PI;2584;2
PI;2586;1
PI;2588;1
PI;2590;2
PI;2594;2
PI;2596;1
PI;2599;2
PI;2601;2
PI;2611;2
PI;2612;1
PI;2616;1
PI;2617;1
PI;2618;1
PI;2619;2
PI;2621;1
PI;2622;1
PI;2625;1
PI;2626;1
PI;2627;2
PI;2628;1
PI;2630;1
PI;2633;1
PI;2634;1
PI;2635;1
PI;2636;1
PI;2640;1
PI;2644;1
PI;2648;1
PI;2649;1
PI;2650;2
PI;2651;1
PI;2653;2
PI;2657;1
PI;2658;1
PI;2659;1
PI;2661;1
PI;2663;1
PI;2665;2
PI;2670;1
PI;2672;2
PI;2677;1
PI;2678;2
PI;2679;1
PI;2680;1
PI;2682;1
PI;2684;1
PI;2687;1
PI;2688;1
PI;2692;1
PI;2693;2
PI;2695;1
PI;2699;2
PI;2700;1
PI;2702;1
PI;2706;1
PI;2714;1
PI;2715;1
PI;2716;1
PI;2717;1
PI;2718;1
PI;2719;1
PI;2721;1
PI;2726;1
PI;2730;3
PI;2735;2
PI;2737;1
PI;2739;1
PI;2741;1
PI;2743;1
PI;2748;1
PI;2749;1
PI;2750;2
PI;2751;1
PI;2752;2
PI;2753;1
PI;2754;1
PI;2756;2
PI;2760;1
PI;2763;2
PI;2765;1
PI;2769;1
PI;2772;1
PI;2773;1
PI;2775;1
PI;2777;2
PI;2784;1
PI;2785;1
PI;2788;1
PI;2789;1
PI;2795;1
PI;2797;3
PI;2798;1
PI;2799;1
PI;2801;1
PI;2802;1
PI;2803;1
PI;2804;1
PI;2814;2
PI;2816;1
PI;2821;1
PI;2823;1
PI;2825;1
PI;2828;2
PI;2829;1
PI;2834;1
PI;2835;2
PI;2836;2
PI;2838;1
PI;2839;1
PI;2842;2
PI;2843;1
PI;2844;1
PI;2847;2
PI;2852;1
PI;2854;2
PI;2855;1
PI;2856;1
PI;2857;1
PI;2858;2
PI;2861;1
PI;2863;1
PI;2866;1
PI;2867;1
PI;2868;2
PI;2870;2
PI;2871;1
PI;2874;1
PI;2875;1
PI;2876;2
PI;2877;1
PI;2878;1
PI;2879;1
PI;2881;1
PI;2883;1
PI;2885;2
PI;2886;1
PI;2888;1
PI;2892;1
PI;2894;2
PI;2900;2
PI;2901;1
PI;2910;1
PI;2911;1
PI;2912;1
PI;2914;1
PI;2925;1
PI;2926;1
PI;2930;1
PI;2931;1
PI;2932;2
PI;2935;1
PI;2938;1
PI;2943;1
PI;2947;1
PI;2948;1
PI;2950;1
PI;2957;1
PI;2958;1
PI;2959;1
PI;2961;1
PI;2963;1
PI;2964;2
PI;2969;1
PI;2970;2
PI;2973;1
PI;2977;1
PI;2983;2
PI;2991;1
PI;2993;1
PI;2995;1
PI;2996;1
PI;3000;1
PI;3001;1
PI;3008;2
PI;3011;1
PI;3016;1
PI;3022;1
PI;3026;2
PI;3031;1
PI;3032;1
PI;3035;1
PI;3040;1
PI;3041;2
PI;3042;2
PI;3051;1
PI;3063;1
PI;3067;1
PI;3068;1
PI;3073;1
PI;3078;1
PI;3083;1
PI;3088;1
PI;3101;1
PI;3103;1
PI;3104;1
PI;3111;1
PI;3112;1
PI;3114;1
PI;3119;3
PI;3127;1
PI;3130;1
PI;3131;1
PI;3132;1
PI;3133;1
PI;3135;1
PI;3136;1
PI;3137;2
PI;3154;2
PI;3156;1
PI;3157;1
PI;3160;1
PI;3167;1
PI;3168;1
PI;3169;1
PI;3180;1
PI;3182;1
PI;3189;1
PI;3193;1
PI;3194;1
PI;3196;1
PI;3201;1
PI;3207;1
PI;3209;1
PI;3213;1
PI;3217;1
PI;3223;1
PI;3226;1
PI;3231;1
PI;3233;1
PI;3240;1
PI;3242;1
PI;3246;1
PI;3248;1
PI;3253;1
PI;3254;1
PI;3255;1
PI;3257;1
PI;3259;2
PI;3265;2
PI;3282;1
PI;3293;1
PI;3296;2
PI;3303;2
PI;3309;1
PI;3312;1
PI;3314;1
PI;3329;1
PI;3339;2
PI;3341;2
PI;3344;1
PI;3345;1
PI;3348;1
PI;3352;1
PI;3353;1
PI;3357;2
PI;3358;1
PI;3367;1
PI;3372;1
PI;3380;2
PI;3383;1
PI;3384;1
PI;3385;1
PI;3388;2
PI;3391;1
PI;3392;2
PI;3397;1
PI;3404;1
PI;3411;1
PI;3413;1
PI;3435;1
PI;3440;1
PI;3448;1
PI;3454;1
PI;3464;1
PI;3465;1
PI;3466;1
PI;3468;1
PI;3470;2
PI;3475;1
PI;3478;1
PI;3479;1
PI;3482;1
PI;3485;1
PI;3489;1
PI;3491;1
PI;3494;2
PI;3498;1
PI;3503;1
PI;3505;1
PI;3512;1
PI;3521;1
PI;3524;1
PI;3528;1
PI;3530;2
PI;3535;1
PI;3536;2
PI;3559;1
PI;3560;1
PI;3578;1
PI;3580;1
PI;3583;1
PI;3585;1
PI;3595;1
PI;3626;1
PI;3647;1
PI;3648;1
PI;3653;1
PI;3674;1
PI;3675;1
PI;3677;1
PI;3692;1
PI;3693;2
PI;3700;1
PI;3705;1
PI;3718;1
PI;3725;1
PI;3732;1
PI;3740;1
PI;3744;1
PI;3763;1
PI;3771;1
PI;3774;1
PI;3781;1
PI;3785;2
PI;3795;1
PI;3800;1
PI;3802;1
PI;3832;1
PI;3834;1
PI;3843;1
PI;3853;1
PI;3868;1
PI;3890;1
PI;3898;1
PI;3906;1
PI;3907;1
PI;3918;1
PI;3938;1
PI;3954;1
PI;3955;1
PI;3958;1
PI;3985;1
PI;3990;1
PI;3991;1
PI;3999;1
PI;4006;1
PI;4012;1
PI;4103;1
PI;4106;1
PI;4126;1
PI;4129;1
PI;4134;1
PI;4160;1
PI;4161;1
PI;4181;1
PI;4188;1
PI;4194;2
PI;4226;1
PI;4232;1
PI;4293;1
PI;4299;1
PI;4316;1
PI;4326;1
PI;4339;1
PI;4368;1
PI;4373;1
PI;4380;1
PI;4386;1
PI;4410;1
PI;4429;1
PI;4441;1
PI;4475;1
PI;4480;1
PI;4485;1
PI;4486;1
PI;4518;1
PI;4580;1
PI;4582;1
PI;4599;1
PI;4608;1
PI;4630;1
PI;4639;1
PI;4675;1
PI;4692;1
PI;4716;1
PI;4731;1
PI;4736;1
PI;4745;2
PI;4811;1
PI;4830;1
PI;4862;2
PI;4873;1
PI;4889;1
PI;4920;1
PI;4927;1
PI;4936;1
PI;4960;1
PI;4967;1
PI;5002;1
PI;5174;1
PI;5186;1
PI;5205;1
PI;5215;1
PI;5324;1
PI;5359;1
PI;5367;1
PI;5381;1
PI;5386;1
PI;5457;1
PI;5533;1
PI;5581;1
PI;5601;1
PI;5691;1
PI;5728;1
PI;5759;1
PI;5760;1
PI;5901;1
PI;5934;1
PI;5977;1
PI;6008;1
PI;6028;1
PI;6068;1
PI;6121;1
PI;6152;1
PI;6161;1
PI;6216;1
PI;6220;1
PI;6260;1
PI;6414;1
PI;6538;1
PI;6680;1
PI;6848;1
PI;6887;1
PI;7081;1
PI;7251;1
PI;7492;1
PI;7623;1
PI;7651;1
PI;7874;1
PI;9439;1
PI;9467;1
PI;9979;1
PI;10122;1
PI;11865;1
PI;19370;1
PI;23274;1
